<?xml version="1.0" encoding="utf-8"?>
<RegistrySettings clsid="{A3CCFC41-DFDB-43a5-8D26-0FE8B954DA51}"><Registry clsid="{9CD4B2F4-923D-47f5-A062-E897DD1DAD50}" name="Schemes" status="(Default)" image="7" changed="2023-12-14 13:57:07" uid="{A7456522-5308-4A50-8A7F-4A74D6D6A05F}" userContext="1" bypassErrors="0"><Properties action="U" displayDecimal="0" default="1" hive="HKEY_CURRENT_USER" key="AppEvents\Schemes" name="" type="REG_SZ" value=".None"/><Filters><FilterRunOnce hidden="1" not="0" bool="AND" id="{25C95FDF-0AC9-44C3-8ADB-8FAC012BAA98}"/>
		</Filters></Registry>
	<Registry clsid="{9CD4B2F4-923D-47f5-A062-E897DD1DAD50}" name=".Current" status="(Default)" image="7" changed="2023-12-14 13:58:07" uid="{3452B82E-BBA4-44D3-AC8A-25FFD8E7BD5C}" userContext="1" bypassErrors="0"><Properties action="U" displayDecimal="0" default="1" hive="HKEY_CURRENT_USER" key="AppEvents\Schemes\Apps\.Default\.Default\.Current" name="" type="REG_SZ" value=""/><Filters><FilterRunOnce hidden="1" not="0" bool="AND" id="{49F30E76-CAFD-46BE-9FBB-78D46C8D81E9}"/>
		</Filters></Registry>
	<Registry clsid="{9CD4B2F4-923D-47f5-A062-E897DD1DAD50}" name=".Current" status="(Default)" image="7" changed="2023-12-14 13:59:14" uid="{493547FB-2BDC-4F17-A7A4-60296A7569B5}" userContext="1" bypassErrors="0"><Properties action="U" displayDecimal="0" default="1" hive="HKEY_CURRENT_USER" key="AppEvents\Schemes\Apps\.Default\CriticalBatteryAlarm\.Current" name="" type="REG_SZ" value=""/><Filters><FilterRunOnce hidden="1" not="0" bool="AND" id="{4B8614A1-B0B2-4C0C-B454-091B9985B5CB}"/>
		</Filters></Registry>
	<Registry clsid="{9CD4B2F4-923D-47f5-A062-E897DD1DAD50}" name=".Current" status="(Default)" image="7" changed="2023-12-14 13:59:37" uid="{CABEC155-72A7-41A7-A178-928B14FF437A}" userContext="1" bypassErrors="0"><Properties action="U" displayDecimal="0" default="1" hive="HKEY_CURRENT_USER" key="AppEvents\Schemes\Apps\.Default\DeviceConnect\.Current" name="" type="REG_SZ" value=""/><Filters><FilterRunOnce hidden="1" not="0" bool="AND" id="{6D201075-664A-49FE-BF16-3C43FC7BAE57}"/>
		</Filters></Registry>
	<Registry clsid="{9CD4B2F4-923D-47f5-A062-E897DD1DAD50}" name=".Current" status="(Default)" image="7" changed="2023-12-14 14:00:05" uid="{BF4CDE6A-C463-423C-A110-B266A6005BCD}" userContext="1" bypassErrors="0"><Properties action="U" displayDecimal="0" default="1" hive="HKEY_CURRENT_USER" key="AppEvents\Schemes\Apps\.Default\DeviceDisconnect\.Current" name="" type="REG_SZ" value=""/><Filters><FilterRunOnce hidden="1" not="0" bool="AND" id="{AEFD6CAC-E478-4A97-9FB2-E2E8F8F712DE}"/>
		</Filters></Registry>
	<Registry clsid="{9CD4B2F4-923D-47f5-A062-E897DD1DAD50}" name=".Current" status="(Default)" image="7" changed="2023-12-14 14:00:22" uid="{5C3B2F62-0074-4DDC-9E42-86874A07FA60}" userContext="1" bypassErrors="0"><Properties action="U" displayDecimal="0" default="1" hive="HKEY_CURRENT_USER" key="AppEvents\Schemes\Apps\.Default\DeviceFail\.Current" name="" type="REG_SZ" value=""/><Filters><FilterRunOnce hidden="1" not="0" bool="AND" id="{19F831D3-8D33-4573-9E2A-6B40C9007AC7}"/>
		</Filters></Registry>
	<Registry clsid="{9CD4B2F4-923D-47f5-A062-E897DD1DAD50}" name=".Current" status="(Default)" image="7" changed="2023-12-14 14:00:45" uid="{624E0D41-D616-40A0-8CD7-E602EE056B48}" userContext="1" bypassErrors="0"><Properties action="U" displayDecimal="0" default="1" hive="HKEY_CURRENT_USER" key="AppEvents\Schemes\Apps\.Default\FaxBeep\.Current" name="" type="REG_SZ" value=""/><Filters><FilterRunOnce hidden="1" not="0" bool="AND" id="{859A5BBE-9132-4CDB-A81E-91EDF59C331A}"/>
		</Filters></Registry>
	<Registry clsid="{9CD4B2F4-923D-47f5-A062-E897DD1DAD50}" name=".Current" status="(Default)" image="7" changed="2023-12-14 14:01:11" uid="{2E5FFD55-3B3E-4C8C-A3CD-CB6ED9F583C4}" userContext="1" bypassErrors="0"><Properties action="U" displayDecimal="0" default="1" hive="HKEY_CURRENT_USER" key="AppEvents\Schemes\Apps\.Default\LowBatteryAlarm\.Current" name="" type="REG_SZ" value=""/><Filters><FilterRunOnce hidden="1" not="0" bool="AND" id="{525C064A-B74B-4F5E-B321-1D532730DB76}"/>
		</Filters></Registry>
	<Registry clsid="{9CD4B2F4-923D-47f5-A062-E897DD1DAD50}" name=".Current" status="(Default)" image="7" changed="2023-12-14 14:01:32" uid="{65C599DF-E348-4261-844A-69B554EB2E21}" userContext="1" bypassErrors="0"><Properties action="U" displayDecimal="0" default="1" hive="HKEY_CURRENT_USER" key="AppEvents\Schemes\Apps\.Default\MailBeep\.Current" name="" type="REG_SZ" value=""/><Filters><FilterRunOnce hidden="1" not="0" bool="AND" id="{DC99D62C-DEB7-427A-BC9F-AE5DF2BF4527}"/>
		</Filters></Registry>
	<Registry clsid="{9CD4B2F4-923D-47f5-A062-E897DD1DAD50}" name=".Current" status="(Default)" image="7" changed="2023-12-14 14:02:03" uid="{4762D38F-C0A5-46D2-9853-149471004013}" userContext="1" bypassErrors="0"><Properties action="U" displayDecimal="0" default="1" hive="HKEY_CURRENT_USER" key="AppEvents\Schemes\Apps\.Default\MessageNudge\.Current" name="" type="REG_SZ" value=""/><Filters><FilterRunOnce hidden="1" not="0" bool="AND" id="{4AAEC593-7EDD-4B05-A27D-AAACC490E053}"/>
		</Filters></Registry>
	<Registry clsid="{9CD4B2F4-923D-47f5-A062-E897DD1DAD50}" name=".Current" status="(Default)" image="7" changed="2023-12-14 14:02:33" uid="{6A95ECD6-9343-4540-90B3-C70E89194F1A}" userContext="1" bypassErrors="0"><Properties action="U" displayDecimal="0" default="1" hive="HKEY_CURRENT_USER" key="AppEvents\Schemes\Apps\.Default\Notification.Default\.Current" name="" type="REG_SZ" value=""/><Filters><FilterRunOnce hidden="1" not="0" bool="AND" id="{D0C1C118-4759-4320-8E04-BE431F8E2D82}"/>
		</Filters></Registry>
	<Registry clsid="{9CD4B2F4-923D-47f5-A062-E897DD1DAD50}" name=".Current" status="(Default)" image="7" changed="2023-12-14 14:02:48" uid="{18C4D57D-6BE4-4857-9816-21A4B47C23B9}" userContext="1" bypassErrors="0"><Properties action="U" displayDecimal="0" default="1" hive="HKEY_CURRENT_USER" key="AppEvents\Schemes\Apps\.Default\Notification.IM\.Current" name="" type="REG_SZ" value=""/><Filters><FilterRunOnce hidden="1" not="0" bool="AND" id="{D29E589B-DFD1-4F07-B357-BE0077E0FF29}"/>
		</Filters></Registry>
	<Registry clsid="{9CD4B2F4-923D-47f5-A062-E897DD1DAD50}" name=".Current" status="(Default)" image="7" changed="2023-12-14 14:03:14" uid="{E1F504ED-0594-492D-9326-156065DF8C74}" userContext="1" bypassErrors="0"><Properties action="U" displayDecimal="0" default="1" hive="HKEY_CURRENT_USER" key="AppEvents\Schemes\Apps\.Default\Notification.Mail\.Current" name="" type="REG_SZ" value=""/><Filters><FilterRunOnce hidden="1" not="0" bool="AND" id="{A81E4A42-9C44-4107-B931-CABBBD1FAAEA}"/>
		</Filters></Registry>
	<Registry clsid="{9CD4B2F4-923D-47f5-A062-E897DD1DAD50}" name=".Current" status="(Default)" image="7" changed="2023-12-14 14:03:39" uid="{0ED16801-3731-42F3-8871-922E761F8498}" userContext="1" bypassErrors="0"><Properties action="U" displayDecimal="0" default="1" hive="HKEY_CURRENT_USER" key="AppEvents\Schemes\Apps\.Default\Notification.Proximity\.Current" name="" type="REG_SZ" value=""/><Filters><FilterRunOnce hidden="1" not="0" bool="AND" id="{C6783F66-9FCD-4EB2-ABFC-1642876B23F7}"/>
		</Filters></Registry>
	<Registry clsid="{9CD4B2F4-923D-47f5-A062-E897DD1DAD50}" name=".Current" status="(Default)" image="7" changed="2023-12-14 14:04:04" uid="{AB7AB347-14C9-4CC7-88D5-1B6BA5E1F873}" userContext="1" bypassErrors="0"><Properties action="U" displayDecimal="0" default="1" hive="HKEY_CURRENT_USER" key="AppEvents\Schemes\Apps\.Default\Notification.Reminder\.Current" name="" type="REG_SZ" value=""/><Filters><FilterRunOnce hidden="1" not="0" bool="AND" id="{690FBC94-81D3-4275-9471-03042F6DD6A2}"/>
		</Filters></Registry>
	<Registry clsid="{9CD4B2F4-923D-47f5-A062-E897DD1DAD50}" name=".Current" status="(Default)" image="7" changed="2023-12-14 14:04:23" uid="{B5B660A5-0382-41C1-9502-AB7234FFDA6C}" userContext="1" bypassErrors="0"><Properties action="U" displayDecimal="0" default="1" hive="HKEY_CURRENT_USER" key="AppEvents\Schemes\Apps\.Default\Notification.SMS\.Current" name="" type="REG_SZ" value=""/><Filters><FilterRunOnce hidden="1" not="0" bool="AND" id="{FA72CD30-DE5B-4348-B298-701F64CB70FA}"/>
		</Filters></Registry>
	<Registry clsid="{9CD4B2F4-923D-47f5-A062-E897DD1DAD50}" name=".Current" status="(Default)" image="7" changed="2023-12-14 14:15:56" uid="{19A4C243-6093-4C94-B56A-D1C5D228D835}" userContext="1" bypassErrors="0"><Properties action="U" displayDecimal="0" default="1" hive="HKEY_CURRENT_USER" key="AppEvents\Schemes\Apps\.Default\ProximityConnection\.Current" name="" type="REG_SZ" value=""/><Filters><FilterRunOnce hidden="1" not="0" bool="AND" id="{A05A0A0A-EAC2-4166-934C-0D710CA9C3FA}"/>
		</Filters></Registry>
	<Registry clsid="{9CD4B2F4-923D-47f5-A062-E897DD1DAD50}" name=".Current" status="(Default)" image="7" changed="2023-12-14 14:33:30" uid="{BF1D7E16-7649-4801-9D1D-8AB5562E5E5C}" userContext="1" bypassErrors="0"><Properties action="U" displayDecimal="0" default="1" hive="HKEY_CURRENT_USER" key="AppEvents\Schemes\Apps\.Default\SystemAsterisk\.Current" name="" type="REG_SZ" value=""/><Filters><FilterRunOnce hidden="1" not="0" bool="AND" id="{D5F76281-0678-40D9-AD30-EBF51BF9463B}"/>
		</Filters></Registry>
	<Registry clsid="{9CD4B2F4-923D-47f5-A062-E897DD1DAD50}" name=".Current" status="(Default)" image="7" changed="2023-12-14 14:16:42" uid="{5E3AD36F-4E71-4A5D-B67D-A4548DE77D0B}" userContext="1" bypassErrors="0"><Properties action="U" displayDecimal="0" default="1" hive="HKEY_CURRENT_USER" key="AppEvents\Schemes\Apps\.Default\SystemExclamation\.Current" name="" type="REG_SZ" value=""/><Filters><FilterRunOnce hidden="1" not="0" bool="AND" id="{947448E4-D089-4F70-9AB2-4EC4996BFBF4}"/>
		</Filters></Registry>
	<Registry clsid="{9CD4B2F4-923D-47f5-A062-E897DD1DAD50}" name=".Current" status="(Default)" image="7" changed="2023-12-14 14:18:57" uid="{242D6958-D8FE-4456-BF97-5945C7E294A8}" userContext="1" bypassErrors="0"><Properties action="U" displayDecimal="0" default="1" hive="HKEY_CURRENT_USER" key="AppEvents\Schemes\Apps\.Default\SystemHand\.Current" name="" type="REG_SZ" value=""/><Filters><FilterRunOnce hidden="1" not="0" bool="AND" id="{3F992BBB-9436-4B81-ACD9-7279D5BF8CCE}"/>
		</Filters></Registry>
	<Registry clsid="{9CD4B2F4-923D-47f5-A062-E897DD1DAD50}" name=".Current" status="(Default)" image="7" changed="2023-12-14 14:19:17" uid="{A4922BE2-C228-48E4-A202-F2C0873E8C57}" userContext="1" bypassErrors="0"><Properties action="U" displayDecimal="0" default="1" hive="HKEY_CURRENT_USER" key="AppEvents\Schemes\Apps\.Default\SystemNotification\.Current" name="" type="REG_SZ" value=""/><Filters><FilterRunOnce hidden="1" not="0" bool="AND" id="{38CB106D-F22F-464F-9E0D-894D6BCBFE96}"/>
		</Filters></Registry>
	<Registry clsid="{9CD4B2F4-923D-47f5-A062-E897DD1DAD50}" name=".Current" status="(Default)" image="7" changed="2023-12-14 14:19:42" uid="{E3549A53-EF08-45AC-A200-4DBB3FCACF92}" userContext="1" bypassErrors="0"><Properties action="U" displayDecimal="0" default="1" hive="HKEY_CURRENT_USER" key="AppEvents\Schemes\Apps\.Default\WindowsUAC\.Current" name="" type="REG_SZ" value=""/><Filters><FilterRunOnce hidden="1" not="0" bool="AND" id="{336A7D8C-F68C-4939-B971-0CEC60DFFE90}"/>
		</Filters></Registry>
	<Registry clsid="{9CD4B2F4-923D-47f5-A062-E897DD1DAD50}" name=".current" status="(Default)" image="7" changed="2023-12-14 14:20:28" uid="{D10ACFE9-86C2-41EA-9BD8-1189F8F8FA0F}" userContext="1" bypassErrors="0"><Properties action="U" displayDecimal="0" default="1" hive="HKEY_CURRENT_USER" key="AppEvents\Schemes\Apps\sapisvr\DisNumbersSound\.current" name="" type="REG_SZ" value=""/><Filters><FilterRunOnce hidden="1" not="0" bool="AND" id="{2C78F9D6-5FC7-499E-8916-910EFFDC01A2}"/>
		</Filters></Registry>
	<Registry clsid="{9CD4B2F4-923D-47f5-A062-E897DD1DAD50}" name=".current" status="(Default)" image="7" changed="2023-12-14 14:20:50" uid="{A3DD8AF8-8388-4CBE-BA8B-4D79C620A71B}" userContext="1" bypassErrors="0"><Properties action="U" displayDecimal="0" default="1" hive="HKEY_CURRENT_USER" key="AppEvents\Schemes\Apps\sapisvr\HubOffSound\.current" name="" type="REG_SZ" value=""/><Filters><FilterRunOnce hidden="1" not="0" bool="AND" id="{C3A00DC7-CF07-438E-AF80-FAAFED0E27DE}"/>
		</Filters></Registry>
	<Registry clsid="{9CD4B2F4-923D-47f5-A062-E897DD1DAD50}" name=".current" status="(Default)" image="7" changed="2023-12-14 14:22:01" uid="{53624159-8479-4F07-B133-BED7C2D38755}" userContext="1" bypassErrors="0"><Properties action="U" displayDecimal="0" default="1" hive="HKEY_CURRENT_USER" key="AppEvents\Schemes\Apps\sapisvr\HubOnSound\.current" name="" type="REG_SZ" value=""/><Filters><FilterRunOnce hidden="1" not="0" bool="AND" id="{22163429-C52E-4DB4-93E6-0FDBAA2080B8}"/>
		</Filters></Registry>
	<Registry clsid="{9CD4B2F4-923D-47f5-A062-E897DD1DAD50}" name=".current" status="(Default)" image="7" changed="2023-12-14 14:22:33" uid="{FC8EBDD1-1503-463D-B55E-8047A3E3032C}" userContext="1" bypassErrors="0"><Properties action="U" displayDecimal="0" default="1" hive="HKEY_CURRENT_USER" key="AppEvents\Schemes\Apps\sapisvr\HubSleepSound\.current" name="" type="REG_SZ" value=""/><Filters><FilterRunOnce hidden="1" not="0" bool="AND" id="{DAC353DC-552D-4EE5-B96D-DF3D2A8AAC96}"/>
		</Filters></Registry>
	<Registry clsid="{9CD4B2F4-923D-47f5-A062-E897DD1DAD50}" name=".current" status="(Default)" image="7" changed="2023-12-14 14:22:58" uid="{EF91C3AF-16E3-47CC-BDE6-F174EF430CBC}" userContext="1" bypassErrors="0"><Properties action="U" displayDecimal="0" default="1" hive="HKEY_CURRENT_USER" key="AppEvents\Schemes\Apps\sapisvr\MisrecoSound\.current" name="" type="REG_SZ" value=""/><Filters><FilterRunOnce hidden="1" not="0" bool="AND" id="{C44EDC19-217D-4F25-808F-3EA4AB1CCCBA}"/>
		</Filters></Registry>
	<Registry clsid="{9CD4B2F4-923D-47f5-A062-E897DD1DAD50}" name=".current" status="(Default)" image="7" changed="2023-12-14 14:23:17" uid="{FA4C8679-013E-4217-8A02-F4E7C53182C0}" userContext="1" bypassErrors="0"><Properties action="U" displayDecimal="0" default="1" hive="HKEY_CURRENT_USER" key="AppEvents\Schemes\Apps\sapisvr\PanelSound\.current" name="" type="REG_SZ" value=""/><Filters><FilterRunOnce hidden="1" not="0" bool="AND" id="{FA9BF50A-964E-449B-8183-DF04AFDEB61B}"/>
		</Filters></Registry>
</RegistrySettings>
