<BackupInst xmlns="http://www.microsoft.com/GroupPolicy/GPOOperations/Manifest"><GPOGuid><![CDATA[{B68EB7F9-D129-40BB-818E-CB4F0CB29F59}]]></GPOGuid><GPODomain><![CDATA[ad1.avarauto.lv]]></GPODomain><GPODomainGuid><![CDATA[{c871a622-9c71-4ec8-ab04-3b9a7725c925}]]></GPODomainGuid><GPODomainController><![CDATA[AVAR-DC.ad1.avarauto.lv]]></GPODomainController><BackupTime><![CDATA[2023-12-15T07:18:33]]></BackupTime><ID><![CDATA[{E30280D1-7085-4B3A-A14A-ABF9ABD2193F}]]></ID><Comment><![CDATA[]]></Comment><GPODisplayName><![CDATA[Sound - Sound Scheme - No Sounds]]></GPODisplayName></BackupInst>
